"firtsname","lastname","uuid","balance","status"
"Iwona","Wislawa","1woonaa",561,"IDLE"
"Jozafat","Marian","278marian",720,"IDLE"
"Cecylia","Filip","2Filip2",513,"IDLE"
"Bruno","Jaromir","8brunomars",979,"IDLE"
"Bartek","Zuzia","Bartek",626,"IDLE"
"Maciej","Cezary","Cezary",282,"IDLE"
"Lidia","Donata","Donata",800,"IDLE"
"Ireneusz","Brajan","Ireneusz",31,"IDLE"
"Izabela","Edyta","Izabela",280,"IDLE"
"Jagoda","Judyta","JJJJ8888",749,"IDLE"
"Uriasz","Jacek","Jackeveneo",299,"IDLE"
"Janusz","Maryna","Janusz",848,"IDLE"
"Jonatan","Jaroslawa","Jonatan_0_",569,"IDLE"
"Krzysztof","Eleonora","Krzysztof",430,"IDLE"
"Michal","Aneta","Michal",341,"IDLE"
"Patrycja","Zuza","Patrycja",652,"IDLE"
"Pola","Ambrozy","PolarBear",83,"IDLE"
"Renata","Dobroslawa","Renata",871,"IDLE"
"Roland","Eunika","Roland_o_o_o_",328,"IDLE"
"Zygmunt","Albina","Zygmunt",627,"IDLE"
"Pelagia","Eugeniusz","_get_me_",463,"IDLE"
"Szymon","Karol","_szymon_123",568,"IDLE"
"Patka","Gerwazy","aanimalPatka",966,"IDLE"
"Aldona","Kaja","aldona",991,"IDLE"
"Lubomierz","Alfreda","alfreda_54",80,"IDLE"
"Lucyna","August","augustseptember",211,"IDLE"
"Augustyna","Eugenia","augustyna",255,"IDLE"
"Aurelia","Raclaw","aurel1a",85,"IDLE"
"Wlodek","Jagoda","behind_you218",556,"IDLE"
"Bogna","Ruta","bogna_ruta",328,"IDLE"
"Cyprian","Marceli","cris_hems",534,"IDLE"
"Paulina","Cyprian","cypikypi",630,"IDLE"
"Dagmara","Wanessa","dagmag",990,"IDLE"
"Anastazy","Dosia","dasia",307,"IDLE"
"Mariusz","Diana","diana_mv",174,"IDLE"
"Eliza","Marta","eliza_marta",395,"IDLE"
"Franciszka","Asia","fast_and_furious",392,"IDLE"
"Feliks","Grzegorz","helloWorld",801,"IDLE"
"Basia","Eugenia","human34",984,"IDLE"
"Dosia","Teodozja","i9m9me",304,"IDLE"
"Ida","Renia","ida",283,"IDLE"
"Ariel","Ilona","ilona",509,"IDLE"
"Joasia","Benedykta","joasia",208,"IDLE"
"John","Doe","johnDoe345",226,"IDLE"
"Jagusia","Patryk","jugarious",255,"IDLE"
"Klara","Anka","klara",204,"IDLE"
"Klaudia","Oliwia","kutiekaaaaat",348,"IDLE"
"Bazyli","Leslawa","lava",987,"IDLE"
"Gerwazy","Alfred","lolcode_78",768,"IDLE"
"Oliwer","Romana","lucifer",349,"IDLE"
"Wojtek","Maja","maja78wojtek",437,"IDLE"
"Olaf","Malgosia","ooof0laf",459,"IDLE"
"Pawel","Dobroslawa","pawel_dobro",589,"IDLE"
"Przemyslaw","Krzysiek","przemyslaw",677,"IDLE"
"Sylwester","Natalka","sylwester_SN",81,"IDLE"
"Metody","Wera","wera_metody",439,"IDLE"
"Jeremiasz","Konrad","what_a_devil",139,"IDLE"
"Czcibor","Barnaba","wth_wrong",865,"IDLE"
"Marceli","Jola","yolo",974,"IDLE"
"Natasza","Zula","zula_bula",887,"IDLE"
