"firtsname","lastname","uuid","dln","status"
"Zaid","Smith","1zaid1","2045/4295262413","IDOL"
"Indira","Jyothi","23jyothi","2016/1189134233","IDOL"
"Cibor","Iwona","CiborIwona","2034/0014712415","IDOL"
"Daniel","Cyprian","Danny","2014/3552184619","IDOL"
"Elzbieta","Bronimir","Elzbieta","2049/1516896562","IDOL"
"Josian","Fabian","EvilJosian","2069/5095962113","IDOL"
"Ferdynand","Bronislaw","FerdBron","2044/2468323715","IDOL"
"Alf","Fransson","Fransson56","2035/3225462178","IDOL"
"Genowefa","Dobromila","GenowefoDob","2014/1667193673","IDOL"
"Jurek","Adrianna","Jurek","2016/2389666721","IDOL"
"Kamil","Liliana","Kamil","2012/9889256723","IDOL"
"Przemko","Magdalena","MadMag_87","2016/2107937089","IDOL"
"Jenna","Marjani","Marigold34","2032/9889256723","IDOL"
"Maryna","Blazej","Maryna9","2032/5760606495","IDOL"
"Katarzyna","Nina","Nini_uwu","2034/2389666721","IDOL"
"Aikaterini","Vitalianus","_Vitalianus","2069/6789232113","IDOL"
"Imbi","Garnier","_imbi345","2015/5095962112","IDOL"
"Amato","Apurva","amato_ap782","2069/5877962113","IDOL"
"Niki","Nala","best_niki","2069/6789234313","IDOL"
"Estera","Boleslawa","boleslawa__89","2044/8317858240","IDOL"
"Bruno","Ziemowit","brunomars","2044/1679526731","IDOL"
"Dominika","Walerian","dominika","2025/1378177537","IDOL"
"Felicja","Wislaw","dr_felicja","2094/1175910590","IDOL"
"Thyra","Pika","itsThyraPika_","2069/6315962113","IDOL"
"John","Doe","johndoe345","2045/1025922511","IDOL"
"Kunegunda","Marzena","kunegunda_","2012/5544276718","IDOL"
"Rens","Piet","pietRens_367","2069/5395962113","IDOL"
"Rens","Piet","pietRens_367","2069/8995962113","IDOL"
"Ramiro","Lazzari","ramirolaz","2045/5095962113","IDOL"
